,branch,PT,TY,LAB,V_plc,L2-NORM,PERIOD,V_pkc,sw,Kplc,in,PAR(31),PAR(32),PAR(33),PAR(34),PAR(35),PAR(36),PAR(41),PAR(42),PAR(43),PAR(44),PAR(45),PAR(46),PAR(80)
1,-1,1,9,1,0.04,3.8974625338,42.0608,0.10000000149,1.0,0.1099999994,1.0,0.3466685,0.39346989254,1.228441,3.861011,0.19554452648,0.019585121236,0.15525854105,0.19926621897,0.081068464543,3.861011,4.6915609305e-05,0.0071265573921,5.0
