,branch,PT,TY,LAB,V_plc,L2-NORM,PERIOD,V_pkc,sw,Kplc,in,PAR(31),PAR(32),PAR(33),PAR(34),PAR(35),PAR(36),PAR(41),PAR(42),PAR(43),PAR(44),PAR(45),PAR(46),PAR(80)
1,-2,1,0,0,0.020220691447,3.9422616919,25.128981207,0.10000000149,1.0,0.1099999994,1.0,0.38159080883,0.43544778857,0.096261701012,3.8610110283,0.53802609717,0.0075079217154,0.38159080883,0.43544778857,0.096261701012,3.8610110283,0.53802609717,0.0075079217154,0.0
