,branch,PT,TY,LAB,lambda3,L2-NORM,U(1),U(2),U(3),U(4),U(5),lambda4
1,3,1,0,0,9.9999997474e-06,1.8371637831,0.63536377323,0.13468308261,1.7024783321,0.23307707292,0.023750013748,0.0
